[
    {
        "_id": "AR-ANJ-01",
        "stateCode": "AR",
        "stateName": "Arunachal Pradesh",
        "districtName": "Anjaw",
        "region": "northeast",
        "slug": "anjaw",
        "tagline": "Where India touches the sunrise",
        "searchKeywords": [
            "anjaw",
            "hayuliang",
            "lohit river"
        ]
    },
    {
        "_id": "AR-BIC-01",
        "stateCode": "AR",
        "stateName": "Arunachal Pradesh",
        "districtName": "Bichom",
        "region": "northeast",
        "slug": "bichom",
        "tagline": "Newest frontier of the hills",
        "searchKeywords": [
            "bichom",
            "west kameng"
        ]
    },
    {
        "_id": "AR-CHA-01",
        "stateCode": "AR",
        "stateName": "Arunachal Pradesh",
        "districtName": "Changlang",
        "region": "northeast",
        "slug": "changlang",
        "tagline": "Gateway to the Patkai",
        "searchKeywords": [
            "changlang",
            "stillwell road",
            "namdapha"
        ]
    },
    {
        "_id": "AR-DIB-01",
        "stateCode": "AR",
        "stateName": "Arunachal Pradesh",
        "districtName": "Dibang Valley",
        "region": "northeast",
        "slug": "dibang_valley",
        "tagline": "Last wilderness of the eastern Himalayas",
        "searchKeywords": [
            "dibang",
            "anini",
            "idu mishmi"
        ]
    },
    {
        "_id": "AR-EKA-01",
        "stateCode": "AR",
        "stateName": "Arunachal Pradesh",
        "districtName": "East Kameng",
        "region": "northeast",
        "slug": "east_kameng",
        "tagline": "Land of the Nyishi warriors",
        "searchKeywords": [
            "east kameng",
            "seppa",
            "nyishi"
        ]
    },
    {
        "_id": "AR-ESI-01",
        "stateCode": "AR",
        "stateName": "Arunachal Pradesh",
        "districtName": "East Siang",
        "region": "northeast",
        "slug": "east_siang",
        "tagline": "Where the Siang curves majestically",
        "searchKeywords": [
            "east siang",
            "pasighat",
            "siang river",
            "adi"
        ]
    },
    {
        "_id": "AR-ITA-01",
        "stateCode": "AR",
        "stateName": "Arunachal Pradesh",
        "districtName": "Itanagar Capital Complex",
        "region": "northeast",
        "slug": "itanagar",
        "tagline": "The modern heart of the state",
        "searchKeywords": [
            "itanagar",
            "capital",
            "ganga lake",
            "ita fort"
        ]
    },
    {
        "_id": "AR-KAM-01",
        "stateCode": "AR",
        "stateName": "Arunachal Pradesh",
        "districtName": "Kamle",
        "region": "northeast",
        "slug": "kamle",
        "tagline": "Hidden valleys of the east",
        "searchKeywords": [
            "kamle",
            "raga"
        ]
    },
    {
        "_id": "AR-KEY-01",
        "stateCode": "AR",
        "stateName": "Arunachal Pradesh",
        "districtName": "Keyi Panyor",
        "region": "northeast",
        "slug": "keyi_panyor",
        "tagline": "Newest voices of the hills",
        "searchKeywords": [
            "keyi panyor",
            "lower subansiri"
        ]
    },
    {
        "_id": "AR-KRA-01",
        "stateCode": "AR",
        "stateName": "Arunachal Pradesh",
        "districtName": "Kra Daadi",
        "region": "northeast",
        "slug": "kra_daadi",
        "tagline": "Land of the Nyishi heartland",
        "searchKeywords": [
            "kra daadi",
            "jamin",
            "palin"
        ]
    },
    {
        "_id": "AR-KUR-01",
        "stateCode": "AR",
        "stateName": "Arunachal Pradesh",
        "districtName": "Kurung Kumey",
        "region": "northeast",
        "slug": "kurung_kumey",
        "tagline": "Untouched wilderness of the north",
        "searchKeywords": [
            "kurung kumey",
            "koloriang",
            "nyishi"
        ]
    },
    {
        "_id": "AR-LEP-01",
        "stateCode": "AR",
        "stateName": "Arunachal Pradesh",
        "districtName": "Lepa-Rada",
        "region": "northeast",
        "slug": "lepa_rada",
        "tagline": "Where rivers meet the forest",
        "searchKeywords": [
            "lepa rada",
            "basar",
            "galo"
        ]
    },
    {
        "_id": "AR-LOH-01",
        "stateCode": "AR",
        "stateName": "Arunachal Pradesh",
        "districtName": "Lohit",
        "region": "northeast",
        "slug": "lohit",
        "tagline": "Named after the crimson river",
        "searchKeywords": [
            "lohit",
            "tezu",
            "mishmi",
            "lohit river"
        ]
    },
    {
        "_id": "AR-LON-01",
        "stateCode": "AR",
        "stateName": "Arunachal Pradesh",
        "districtName": "Longding",
        "region": "northeast",
        "slug": "longding",
        "tagline": "Land of the Wancho warriors",
        "searchKeywords": [
            "longding",
            "wancho",
            "tribal"
        ]
    },
    {
        "_id": "AR-LDV-01",
        "stateCode": "AR",
        "stateName": "Arunachal Pradesh",
        "districtName": "Lower Dibang Valley",
        "region": "northeast",
        "slug": "lower_dibang_valley",
        "tagline": "Gateway to the Dibang wilderness",
        "searchKeywords": [
            "lower dibang",
            "roing"
        ]
    },
    {
        "_id": "AR-LSI-01",
        "stateCode": "AR",
        "stateName": "Arunachal Pradesh",
        "districtName": "Lower Siang",
        "region": "northeast",
        "slug": "lower_siang",
        "tagline": "Where the Siang flows gentler",
        "searchKeywords": [
            "lower siang",
            "likabali",
            "adi"
        ]
    },
    {
        "_id": "AR-LSU-01",
        "stateCode": "AR",
        "stateName": "Arunachal Pradesh",
        "districtName": "Lower Subansiri",
        "region": "northeast",
        "slug": "lower_subansiri",
        "tagline": "Land of the Apatani paddy terraces",
        "searchKeywords": [
            "lower subansiri",
            "ziro",
            "apatani",
            "ziro valley"
        ]
    },
    {
        "_id": "AR-NAM-01",
        "stateCode": "AR",
        "stateName": "Arunachal Pradesh",
        "districtName": "Namsai",
        "region": "northeast",
        "slug": "namsai",
        "tagline": "Buddhist monasteries amidst rice fields",
        "searchKeywords": [
            "namsai",
            "golden pagoda",
            "tai khamti"
        ]
    },
    {
        "_id": "AR-PAK-01",
        "stateCode": "AR",
        "stateName": "Arunachal Pradesh",
        "districtName": "Pakke-Kessang",
        "region": "northeast",
        "slug": "pakke_kessang",
        "tagline": "Where hornbills still fly free",
        "searchKeywords": [
            "pakke kessang",
            "pakke tiger reserve"
        ]
    },
    {
        "_id": "AR-PAP-01",
        "stateCode": "AR",
        "stateName": "Arunachal Pradesh",
        "districtName": "Papum Pare",
        "region": "northeast",
        "slug": "papum_pare",
        "tagline": "Hills around the capital",
        "searchKeywords": [
            "papum pare",
            "yupia",
            "nyishi"
        ]
    },
    {
        "_id": "AR-SHI-01",
        "stateCode": "AR",
        "stateName": "Arunachal Pradesh",
        "districtName": "Shi-Yomi",
        "region": "northeast",
        "slug": "shi_yomi",
        "tagline": "Villages in the clouds",
        "searchKeywords": [
            "shi yomi",
            "mechuka",
            "memba"
        ]
    },
    {
        "_id": "AR-SIA-01",
        "stateCode": "AR",
        "stateName": "Arunachal Pradesh",
        "districtName": "Siang",
        "region": "northeast",
        "slug": "siang",
        "tagline": "The heart of the Siang country",
        "searchKeywords": [
            "siang",
            "boleng",
            "adi",
            "siang river"
        ]
    },
    {
        "_id": "AR-TAW-01",
        "stateCode": "AR",
        "stateName": "Arunachal Pradesh",
        "districtName": "Tawang",
        "region": "northeast",
        "slug": "tawang",
        "tagline": "Land of the majestic monastery",
        "searchKeywords": [
            "tawang",
            "tawang monastery",
            "monpa",
            "sela pass",
            "buddhist"
        ]
    },
    {
        "_id": "AR-TIR-01",
        "stateCode": "AR",
        "stateName": "Arunachal Pradesh",
        "districtName": "Tirap",
        "region": "northeast",
        "slug": "tirap",
        "tagline": "Homeland of the Nocte people",
        "searchKeywords": [
            "tirap",
            "khonsa",
            "nocte"
        ]
    },
    {
        "_id": "AR-USI-01",
        "stateCode": "AR",
        "stateName": "Arunachal Pradesh",
        "districtName": "Upper Siang",
        "region": "northeast",
        "slug": "upper_siang",
        "tagline": "Where mighty rivers are born",
        "searchKeywords": [
            "upper siang",
            "yingkiong",
            "adi"
        ]
    },
    {
        "_id": "AR-USU-01",
        "stateCode": "AR",
        "stateName": "Arunachal Pradesh",
        "districtName": "Upper Subansiri",
        "region": "northeast",
        "slug": "upper_subansiri",
        "tagline": "Remote valleys and ancient traditions",
        "searchKeywords": [
            "upper subansiri",
            "daporijo",
            "tagin"
        ]
    },
    {
        "_id": "AR-WKA-01",
        "stateCode": "AR",
        "stateName": "Arunachal Pradesh",
        "districtName": "West Kameng",
        "region": "northeast",
        "slug": "west_kameng",
        "tagline": "Gateway to Tawang",
        "searchKeywords": [
            "west kameng",
            "bomdila",
            "dirang",
            "monpa"
        ]
    },
    {
        "_id": "AR-WSI-01",
        "stateCode": "AR",
        "stateName": "Arunachal Pradesh",
        "districtName": "West Siang",
        "region": "northeast",
        "slug": "west_siang",
        "tagline": "Administrative heart of the Siang region",
        "searchKeywords": [
            "west siang",
            "aalo",
            "along",
            "galo"
        ]
    },
    {
        "_id": "AS-BAJ-01",
        "stateCode": "AS",
        "stateName": "Assam",
        "districtName": "Bajali",
        "region": "northeast",
        "slug": "bajali",
        "tagline": "Agricultural heartland of lower Assam",
        "searchKeywords": [
            "bajali",
            "pathsala"
        ]
    },
    {
        "_id": "AS-BAK-01",
        "stateCode": "AS",
        "stateName": "Assam",
        "districtName": "Baksa",
        "region": "northeast",
        "slug": "baksa",
        "tagline": "Where Manas meets the plains",
        "searchKeywords": [
            "baksa",
            "mushalpur",
            "manas"
        ]
    },
    {
        "_id": "AS-BAR-01",
        "stateCode": "AS",
        "stateName": "Assam",
        "districtName": "Barpeta",
        "region": "northeast",
        "slug": "barpeta",
        "tagline": "Birthplace of Srimanta Sankardeva",
        "searchKeywords": [
            "barpeta",
            "sankardeva",
            "sattriya"
        ]
    },
    {
        "_id": "AS-BIS-01",
        "stateCode": "AS",
        "stateName": "Assam",
        "districtName": "Biswanath",
        "region": "northeast",
        "slug": "biswanath",
        "tagline": "Land of confluence",
        "searchKeywords": [
            "biswanath",
            "biswanath chariali"
        ]
    },
    {
        "_id": "AS-BON-01",
        "stateCode": "AS",
        "stateName": "Assam",
        "districtName": "Bongaigaon",
        "region": "northeast",
        "slug": "bongaigaon",
        "tagline": "Industrial gateway of lower Assam",
        "searchKeywords": [
            "bongaigaon",
            "bgppl"
        ]
    },
    {
        "_id": "AS-CAC-01",
        "stateCode": "AS",
        "stateName": "Assam",
        "districtName": "Cachar",
        "region": "northeast",
        "slug": "cachar",
        "tagline": "Valley of the Barak",
        "searchKeywords": [
            "cachar",
            "silchar",
            "barak valley"
        ]
    },
    {
        "_id": "AS-CHA-01",
        "stateCode": "AS",
        "stateName": "Assam",
        "districtName": "Charaideo",
        "region": "northeast",
        "slug": "charaideo",
        "tagline": "Land of the Ahom pyramids",
        "searchKeywords": [
            "charaideo",
            "ahom",
            "maidams",
            "pyramids"
        ]
    },
    {
        "_id": "AS-CHI-01",
        "stateCode": "AS",
        "stateName": "Assam",
        "districtName": "Chirang",
        "region": "northeast",
        "slug": "chirang",
        "tagline": "Heart of the Bodo lands",
        "searchKeywords": [
            "chirang",
            "kajalgaon",
            "bodo"
        ]
    },
    {
        "_id": "AS-DAR-01",
        "stateCode": "AS",
        "stateName": "Assam",
        "districtName": "Darrang",
        "region": "northeast",
        "slug": "darrang",
        "tagline": "Ancient gateway to the north",
        "searchKeywords": [
            "darrang",
            "mangaldai"
        ]
    },
    {
        "_id": "AS-DHE-01",
        "stateCode": "AS",
        "stateName": "Assam",
        "districtName": "Dhemaji",
        "region": "northeast",
        "slug": "dhemaji",
        "tagline": "Land of the Mishing people",
        "searchKeywords": [
            "dhemaji",
            "mishing",
            "luit"
        ]
    },
    {
        "_id": "AS-DHU-01",
        "stateCode": "AS",
        "stateName": "Assam",
        "districtName": "Dhubri",
        "region": "northeast",
        "slug": "dhubri",
        "tagline": "Where the Brahmaputra leaves India",
        "searchKeywords": [
            "dhubri",
            "brahmaputra"
        ]
    },
    {
        "_id": "AS-DIB-01",
        "stateCode": "AS",
        "stateName": "Assam",
        "districtName": "Dibrugarh",
        "region": "northeast",
        "slug": "dibrugarh",
        "tagline": "Tea city of India",
        "searchKeywords": [
            "dibrugarh",
            "tea",
            "tea gardens"
        ]
    },
    {
        "_id": "AS-DIM-01",
        "stateCode": "AS",
        "stateName": "Assam",
        "districtName": "Dima Hasao",
        "region": "northeast",
        "slug": "dima_hasao",
        "tagline": "Hill district of the Dimasa",
        "searchKeywords": [
            "dima hasao",
            "haflong",
            "dimasa",
            "north cachar hills"
        ]
    },
    {
        "_id": "AS-GOA-01",
        "stateCode": "AS",
        "stateName": "Assam",
        "districtName": "Goalpara",
        "region": "northeast",
        "slug": "goalpara",
        "tagline": "Ancient crossing of the Brahmaputra",
        "searchKeywords": [
            "goalpara"
        ]
    },
    {
        "_id": "AS-GOL-01",
        "stateCode": "AS",
        "stateName": "Assam",
        "districtName": "Golaghat",
        "region": "northeast",
        "slug": "golaghat",
        "tagline": "Gateway to Kaziranga",
        "searchKeywords": [
            "golaghat",
            "kaziranga",
            "rhino"
        ]
    },
    {
        "_id": "AS-HAI-01",
        "stateCode": "AS",
        "stateName": "Assam",
        "districtName": "Hailakandi",
        "region": "northeast",
        "slug": "hailakandi",
        "tagline": "Valley of the Katakhal",
        "searchKeywords": [
            "hailakandi",
            "barak"
        ]
    },
    {
        "_id": "AS-HOJ-01",
        "stateCode": "AS",
        "stateName": "Assam",
        "districtName": "Hojai",
        "region": "northeast",
        "slug": "hojai",
        "tagline": "Industrial hub of central Assam",
        "searchKeywords": [
            "hojai",
            "lumding"
        ]
    },
    {
        "_id": "AS-JOR-01",
        "stateCode": "AS",
        "stateName": "Assam",
        "districtName": "Jorhat",
        "region": "northeast",
        "slug": "jorhat",
        "tagline": "Cultural capital of Assam",
        "searchKeywords": [
            "jorhat",
            "majuli",
            "tea"
        ]
    },
    {
        "_id": "AS-KAM-01",
        "stateCode": "AS",
        "stateName": "Assam",
        "districtName": "Kamrup",
        "region": "northeast",
        "slug": "kamrup",
        "tagline": "Heart of ancient Kamarupa",
        "searchKeywords": [
            "kamrup",
            "amingaon"
        ]
    },
    {
        "_id": "AS-KME-01",
        "stateCode": "AS",
        "stateName": "Assam",
        "districtName": "Kamrup Metropolitan",
        "region": "northeast",
        "slug": "kamrup_metro",
        "tagline": "Where Guwahati meets the Brahmaputra",
        "searchKeywords": [
            "kamrup metro",
            "guwahati",
            "kamakhya"
        ]
    },
    {
        "_id": "AS-KAR-01",
        "stateCode": "AS",
        "stateName": "Assam",
        "districtName": "Karbi Anglong",
        "region": "northeast",
        "slug": "karbi_anglong",
        "tagline": "Hills of the Karbi people",
        "searchKeywords": [
            "karbi anglong",
            "diphu",
            "karbi"
        ]
    },
    {
        "_id": "AS-KRI-01",
        "stateCode": "AS",
        "stateName": "Assam",
        "districtName": "Karimganj",
        "region": "northeast",
        "slug": "karimganj",
        "tagline": "Border town of the Barak valley",
        "searchKeywords": [
            "karimganj",
            "barak"
        ]
    },
    {
        "_id": "AS-KOK-01",
        "stateCode": "AS",
        "stateName": "Assam",
        "districtName": "Kokrajhar",
        "region": "northeast",
        "slug": "kokrajhar",
        "tagline": "Gateway to Bodoland",
        "searchKeywords": [
            "kokrajhar",
            "bodo",
            "bodoland"
        ]
    },
    {
        "_id": "AS-LAK-01",
        "stateCode": "AS",
        "stateName": "Assam",
        "districtName": "Lakhimpur",
        "region": "northeast",
        "slug": "lakhimpur",
        "tagline": "Land of rice and rivers",
        "searchKeywords": [
            "lakhimpur",
            "north lakhimpur"
        ]
    },
    {
        "_id": "AS-MAJ-01",
        "stateCode": "AS",
        "stateName": "Assam",
        "districtName": "Majuli",
        "region": "northeast",
        "slug": "majuli",
        "tagline": "World's largest river island",
        "searchKeywords": [
            "majuli",
            "river island",
            "sattra",
            "neo vaishnavism"
        ]
    },
    {
        "_id": "AS-MOR-01",
        "stateCode": "AS",
        "stateName": "Assam",
        "districtName": "Morigaon",
        "region": "northeast",
        "slug": "morigaon",
        "tagline": "Land of the Kolong river",
        "searchKeywords": [
            "morigaon",
            "kolong"
        ]
    },
    {
        "_id": "AS-NAG-01",
        "stateCode": "AS",
        "stateName": "Assam",
        "districtName": "Nagaon",
        "region": "northeast",
        "slug": "nagaon",
        "tagline": "Geographic heart of Assam",
        "searchKeywords": [
            "nagaon",
            "nowgong"
        ]
    },
    {
        "_id": "AS-NAL-01",
        "stateCode": "AS",
        "stateName": "Assam",
        "districtName": "Nalbari",
        "region": "northeast",
        "slug": "nalbari",
        "tagline": "Land of silk and poetry",
        "searchKeywords": [
            "nalbari"
        ]
    },
    {
        "_id": "AS-SIV-01",
        "stateCode": "AS",
        "stateName": "Assam",
        "districtName": "Sivasagar",
        "region": "northeast",
        "slug": "sivasagar",
        "tagline": "Capital of the glorious Ahom kingdom",
        "searchKeywords": [
            "sivasagar",
            "sibsagar",
            "ahom",
            "rang ghar",
            "talatal ghar"
        ]
    },
    {
        "_id": "AS-SON-01",
        "stateCode": "AS",
        "stateName": "Assam",
        "districtName": "Sonitpur",
        "region": "northeast",
        "slug": "sonitpur",
        "tagline": "Where plains meet the foothills",
        "searchKeywords": [
            "sonitpur",
            "tezpur"
        ]
    },
    {
        "_id": "AS-SSM-01",
        "stateCode": "AS",
        "stateName": "Assam",
        "districtName": "South Salmara-Mankachar",
        "region": "northeast",
        "slug": "south_salmara",
        "tagline": "Border lands of the west",
        "searchKeywords": [
            "south salmara",
            "mankachar"
        ]
    },
    {
        "_id": "AS-TAM-01",
        "stateCode": "AS",
        "stateName": "Assam",
        "districtName": "Tamulpur",
        "region": "northeast",
        "slug": "tamulpur",
        "tagline": "Emerging Bodo homeland",
        "searchKeywords": [
            "tamulpur",
            "bodo"
        ]
    },
    {
        "_id": "AS-TIN-01",
        "stateCode": "AS",
        "stateName": "Assam",
        "districtName": "Tinsukia",
        "region": "northeast",
        "slug": "tinsukia",
        "tagline": "Industrial gateway to the east",
        "searchKeywords": [
            "tinsukia",
            "digboi",
            "oil"
        ]
    },
    {
        "_id": "AS-UDA-01",
        "stateCode": "AS",
        "stateName": "Assam",
        "districtName": "Udalguri",
        "region": "northeast",
        "slug": "udalguri",
        "tagline": "Foothill country of the Bodos",
        "searchKeywords": [
            "udalguri",
            "bodo"
        ]
    },
    {
        "_id": "AS-WKA-01",
        "stateCode": "AS",
        "stateName": "Assam",
        "districtName": "West Karbi Anglong",
        "region": "northeast",
        "slug": "west_karbi_anglong",
        "tagline": "Western ridges of Karbi hills",
        "searchKeywords": [
            "west karbi anglong",
            "hamren"
        ]
    },
    {
        "_id": "MN-BIS-01",
        "stateCode": "MN",
        "stateName": "Manipur",
        "districtName": "Bishnupur",
        "region": "northeast",
        "slug": "bishnupur",
        "tagline": "Cradle of Manipuri culture",
        "searchKeywords": [
            "bishnupur",
            "moirang",
            "loktak",
            "keibul lamjao"
        ]
    },
    {
        "_id": "MN-CHA-01",
        "stateCode": "MN",
        "stateName": "Manipur",
        "districtName": "Chandel",
        "region": "northeast",
        "slug": "chandel",
        "tagline": "Gateway to Myanmar",
        "searchKeywords": [
            "chandel",
            "moreh",
            "myanmar border"
        ]
    },
    {
        "_id": "MN-CHU-01",
        "stateCode": "MN",
        "stateName": "Manipur",
        "districtName": "Churachandpur",
        "region": "northeast",
        "slug": "churachandpur",
        "tagline": "Land of the Chin-Kuki-Mizo",
        "searchKeywords": [
            "churachandpur",
            "lamka",
            "kuki"
        ]
    },
    {
        "_id": "MN-IME-01",
        "stateCode": "MN",
        "stateName": "Manipur",
        "districtName": "Imphal East",
        "region": "northeast",
        "slug": "imphal_east",
        "tagline": "Eastern gateway to the capital",
        "searchKeywords": [
            "imphal east",
            "porompat",
            "kangla"
        ]
    },
    {
        "_id": "MN-IMW-01",
        "stateCode": "MN",
        "stateName": "Manipur",
        "districtName": "Imphal West",
        "region": "northeast",
        "slug": "imphal_west",
        "tagline": "Heart of the Manipuri kingdom",
        "searchKeywords": [
            "imphal west",
            "kangla",
            "ima keithel",
            "polo"
        ]
    },
    {
        "_id": "MN-JIR-01",
        "stateCode": "MN",
        "stateName": "Manipur",
        "districtName": "Jiribam",
        "region": "northeast",
        "slug": "jiribam",
        "tagline": "Western gateway to Manipur",
        "searchKeywords": [
            "jiribam",
            "jiri river"
        ]
    },
    {
        "_id": "MN-KAK-01",
        "stateCode": "MN",
        "stateName": "Manipur",
        "districtName": "Kakching",
        "region": "northeast",
        "slug": "kakching",
        "tagline": "Valley heartland of tradition",
        "searchKeywords": [
            "kakching",
            "wangoo"
        ]
    },
    {
        "_id": "MN-KAJ-01",
        "stateCode": "MN",
        "stateName": "Manipur",
        "districtName": "Kamjong",
        "region": "northeast",
        "slug": "kamjong",
        "tagline": "Tangkhul hills of the east",
        "searchKeywords": [
            "kamjong",
            "tangkhul"
        ]
    },
    {
        "_id": "MN-KAN-01",
        "stateCode": "MN",
        "stateName": "Manipur",
        "districtName": "Kangpokpi",
        "region": "northeast",
        "slug": "kangpokpi",
        "tagline": "Hills north of the valley",
        "searchKeywords": [
            "kangpokpi",
            "sadar hills"
        ]
    },
    {
        "_id": "MN-NON-01",
        "stateCode": "MN",
        "stateName": "Manipur",
        "districtName": "Noney",
        "region": "northeast",
        "slug": "noney",
        "tagline": "Where the Barak begins its journey",
        "searchKeywords": [
            "noney",
            "longmai"
        ]
    },
    {
        "_id": "MN-PHE-01",
        "stateCode": "MN",
        "stateName": "Manipur",
        "districtName": "Pherzawl",
        "region": "northeast",
        "slug": "pherzawl",
        "tagline": "Highlands of the southwest",
        "searchKeywords": [
            "pherzawl",
            "tipaimukh"
        ]
    },
    {
        "_id": "MN-SEN-01",
        "stateCode": "MN",
        "stateName": "Manipur",
        "districtName": "Senapati",
        "region": "northeast",
        "slug": "senapati",
        "tagline": "Northern sentinel of the state",
        "searchKeywords": [
            "senapati",
            "maram",
            "poumai"
        ]
    },
    {
        "_id": "MN-TAM-01",
        "stateCode": "MN",
        "stateName": "Manipur",
        "districtName": "Tamenglong",
        "region": "northeast",
        "slug": "tamenglong",
        "tagline": "Hidden valleys of the west",
        "searchKeywords": [
            "tamenglong",
            "zeilad lake"
        ]
    },
    {
        "_id": "MN-TEN-01",
        "stateCode": "MN",
        "stateName": "Manipur",
        "districtName": "Tengnoupal",
        "region": "northeast",
        "slug": "tengnoupal",
        "tagline": "Hill gateway to the south",
        "searchKeywords": [
            "tengnoupal",
            "moreh road"
        ]
    },
    {
        "_id": "MN-THO-01",
        "stateCode": "MN",
        "stateName": "Manipur",
        "districtName": "Thoubal",
        "region": "northeast",
        "slug": "thoubal",
        "tagline": "Potter's valley of Manipur",
        "searchKeywords": [
            "thoubal",
            "thongjao",
            "pottery"
        ]
    },
    {
        "_id": "MN-UKL-01",
        "stateCode": "MN",
        "stateName": "Manipur",
        "districtName": "Ukhrul",
        "region": "northeast",
        "slug": "ukhrul",
        "tagline": "Land of the Shirui lily",
        "searchKeywords": [
            "ukhrul",
            "shirui",
            "lily festival",
            "tangkhul"
        ]
    },
    {
        "_id": "ML-EGH-01",
        "stateCode": "ML",
        "stateName": "Meghalaya",
        "districtName": "East Garo Hills",
        "region": "northeast",
        "slug": "east_garo_hills",
        "tagline": "Heart of Garo traditions",
        "searchKeywords": [
            "east garo",
            "williamnagar"
        ]
    },
    {
        "_id": "ML-EJH-01",
        "stateCode": "ML",
        "stateName": "Meghalaya",
        "districtName": "East Jaintia Hills",
        "region": "northeast",
        "slug": "east_jaintia_hills",
        "tagline": "Coal lands of the east",
        "searchKeywords": [
            "east jaintia",
            "khliehriat"
        ]
    },
    {
        "_id": "ML-EKH-01",
        "stateCode": "ML",
        "stateName": "Meghalaya",
        "districtName": "East Khasi Hills",
        "region": "northeast",
        "slug": "east_khasi_hills",
        "tagline": "Where Shillong crowns the hills",
        "searchKeywords": [
            "east khasi",
            "shillong",
            "cherrapunji",
            "mawsynram"
        ]
    },
    {
        "_id": "ML-EWK-01",
        "stateCode": "ML",
        "stateName": "Meghalaya",
        "districtName": "Eastern West Khasi Hills",
        "region": "northeast",
        "slug": "eastern_west_khasi",
        "tagline": "Bridge between east and west",
        "searchKeywords": [
            "eastern west khasi",
            "mairang"
        ]
    },
    {
        "_id": "ML-NGH-01",
        "stateCode": "ML",
        "stateName": "Meghalaya",
        "districtName": "North Garo Hills",
        "region": "northeast",
        "slug": "north_garo_hills",
        "tagline": "Northern frontier of Garo land",
        "searchKeywords": [
            "north garo",
            "resubelpara"
        ]
    },
    {
        "_id": "ML-RIB-01",
        "stateCode": "ML",
        "stateName": "Meghalaya",
        "districtName": "Ri-Bhoi",
        "region": "northeast",
        "slug": "ri_bhoi",
        "tagline": "Gateway to the hills",
        "searchKeywords": [
            "ri bhoi",
            "nongpoh",
            "umiam lake"
        ]
    },
    {
        "_id": "ML-SGH-01",
        "stateCode": "ML",
        "stateName": "Meghalaya",
        "districtName": "South Garo Hills",
        "region": "northeast",
        "slug": "south_garo_hills",
        "tagline": "Where Garo meets Bangladesh",
        "searchKeywords": [
            "south garo",
            "baghmara"
        ]
    },
    {
        "_id": "ML-SWG-01",
        "stateCode": "ML",
        "stateName": "Meghalaya",
        "districtName": "South West Garo Hills",
        "region": "northeast",
        "slug": "southwest_garo",
        "tagline": "Southwestern Garo country",
        "searchKeywords": [
            "southwest garo",
            "ampati"
        ]
    },
    {
        "_id": "ML-SWK-01",
        "stateCode": "ML",
        "stateName": "Meghalaya",
        "districtName": "South West Khasi Hills",
        "region": "northeast",
        "slug": "southwest_khasi",
        "tagline": "Land of waterfalls",
        "searchKeywords": [
            "southwest khasi",
            "mawkyrwat"
        ]
    },
    {
        "_id": "ML-WGH-01",
        "stateCode": "ML",
        "stateName": "Meghalaya",
        "districtName": "West Garo Hills",
        "region": "northeast",
        "slug": "west_garo_hills",
        "tagline": "Largest of the Garo districts",
        "searchKeywords": [
            "west garo",
            "tura",
            "nokrek"
        ]
    },
    {
        "_id": "ML-WJH-01",
        "stateCode": "ML",
        "stateName": "Meghalaya",
        "districtName": "West Jaintia Hills",
        "region": "northeast",
        "slug": "west_jaintia_hills",
        "tagline": "Limestone caves and traditions",
        "searchKeywords": [
            "west jaintia",
            "jowai"
        ]
    },
    {
        "_id": "ML-WKH-01",
        "stateCode": "ML",
        "stateName": "Meghalaya",
        "districtName": "West Khasi Hills",
        "region": "northeast",
        "slug": "west_khasi_hills",
        "tagline": "Living root bridge heartland",
        "searchKeywords": [
            "west khasi",
            "nongstoin",
            "living root bridges"
        ]
    },
    {
        "_id": "MZ-AIZ-01",
        "stateCode": "MZ",
        "stateName": "Mizoram",
        "districtName": "Aizawl",
        "region": "northeast",
        "slug": "aizawl",
        "tagline": "City on a hundred hills",
        "searchKeywords": [
            "aizawl",
            "mizo",
            "mizoram capital"
        ]
    },
    {
        "_id": "MZ-CHA-01",
        "stateCode": "MZ",
        "stateName": "Mizoram",
        "districtName": "Champhai",
        "region": "northeast",
        "slug": "champhai",
        "tagline": "Rice bowl of Mizoram",
        "searchKeywords": [
            "champhai",
            "rih dil",
            "myanmar border"
        ]
    },
    {
        "_id": "MZ-HNA-01",
        "stateCode": "MZ",
        "stateName": "Mizoram",
        "districtName": "Hnahthial",
        "region": "northeast",
        "slug": "hnahthial",
        "tagline": "Southern valleys of Mizoram",
        "searchKeywords": [
            "hnahthial"
        ]
    },
    {
        "_id": "MZ-KHA-01",
        "stateCode": "MZ",
        "stateName": "Mizoram",
        "districtName": "Khawzawl",
        "region": "northeast",
        "slug": "khawzawl",
        "tagline": "Eastern hill country",
        "searchKeywords": [
            "khawzawl"
        ]
    },
    {
        "_id": "MZ-KOL-01",
        "stateCode": "MZ",
        "stateName": "Mizoram",
        "districtName": "Kolasib",
        "region": "northeast",
        "slug": "kolasib",
        "tagline": "Northern gateway to Mizoram",
        "searchKeywords": [
            "kolasib"
        ]
    },
    {
        "_id": "MZ-LAW-01",
        "stateCode": "MZ",
        "stateName": "Mizoram",
        "districtName": "Lawngtlai",
        "region": "northeast",
        "slug": "lawngtlai",
        "tagline": "Land of the Lai people",
        "searchKeywords": [
            "lawngtlai",
            "lai",
            "pawi"
        ]
    },
    {
        "_id": "MZ-LUN-01",
        "stateCode": "MZ",
        "stateName": "Mizoram",
        "districtName": "Lunglei",
        "region": "northeast",
        "slug": "lunglei",
        "tagline": "Bridge of stone in the south",
        "searchKeywords": [
            "lunglei"
        ]
    },
    {
        "_id": "MZ-MAM-01",
        "stateCode": "MZ",
        "stateName": "Mizoram",
        "districtName": "Mamit",
        "region": "northeast",
        "slug": "mamit",
        "tagline": "Western hills of Mizoram",
        "searchKeywords": [
            "mamit",
            "dampa tiger reserve"
        ]
    },
    {
        "_id": "MZ-SAI-01",
        "stateCode": "MZ",
        "stateName": "Mizoram",
        "districtName": "Saiha",
        "region": "northeast",
        "slug": "saiha",
        "tagline": "Southernmost tip of Mizoram",
        "searchKeywords": [
            "saiha",
            "mara",
            "siaha"
        ]
    },
    {
        "_id": "MZ-SAT-01",
        "stateCode": "MZ",
        "stateName": "Mizoram",
        "districtName": "Saitual",
        "region": "northeast",
        "slug": "saitual",
        "tagline": "Central hills district",
        "searchKeywords": [
            "saitual"
        ]
    },
    {
        "_id": "MZ-SER-01",
        "stateCode": "MZ",
        "stateName": "Mizoram",
        "districtName": "Serchhip",
        "region": "northeast",
        "slug": "serchhip",
        "tagline": "Smallest and most literate",
        "searchKeywords": [
            "serchhip"
        ]
    },
    {
        "_id": "NL-CHU-01",
        "stateCode": "NL",
        "stateName": "Nagaland",
        "districtName": "Chümoukedima",
        "region": "northeast",
        "slug": "chumoukedima",
        "tagline": "Industrial gateway to Nagaland",
        "searchKeywords": [
            "chumoukedima",
            "dimapur"
        ]
    },
    {
        "_id": "NL-DIM-01",
        "stateCode": "NL",
        "stateName": "Nagaland",
        "districtName": "Dimapur",
        "region": "northeast",
        "slug": "dimapur",
        "tagline": "Commercial heart of Nagaland",
        "searchKeywords": [
            "dimapur",
            "kachari ruins"
        ]
    },
    {
        "_id": "NL-KIP-01",
        "stateCode": "NL",
        "stateName": "Nagaland",
        "districtName": "Kiphire",
        "region": "northeast",
        "slug": "kiphire",
        "tagline": "Where Saramati touches the sky",
        "searchKeywords": [
            "kiphire",
            "saramati",
            "highest peak"
        ]
    },
    {
        "_id": "NL-KOH-01",
        "stateCode": "NL",
        "stateName": "Nagaland",
        "districtName": "Kohima",
        "region": "northeast",
        "slug": "kohima",
        "tagline": "Where the war turned",
        "searchKeywords": [
            "kohima",
            "war cemetery",
            "angami",
            "hornbill festival"
        ]
    },
    {
        "_id": "NL-LON-01",
        "stateCode": "NL",
        "stateName": "Nagaland",
        "districtName": "Longleng",
        "region": "northeast",
        "slug": "longleng",
        "tagline": "Land of the Phom tribe",
        "searchKeywords": [
            "longleng",
            "phom"
        ]
    },
    {
        "_id": "NL-MOK-01",
        "stateCode": "NL",
        "stateName": "Nagaland",
        "districtName": "Mokokchung",
        "region": "northeast",
        "slug": "mokokchung",
        "tagline": "Cultural capital of the Ao",
        "searchKeywords": [
            "mokokchung",
            "ao",
            "longkhum"
        ]
    },
    {
        "_id": "NL-MON-01",
        "stateCode": "NL",
        "stateName": "Nagaland",
        "districtName": "Mon",
        "region": "northeast",
        "slug": "mon",
        "tagline": "Land of the Konyak warriors",
        "searchKeywords": [
            "mon",
            "konyak",
            "headhunters",
            "tattooed faces"
        ]
    },
    {
        "_id": "NL-NIU-01",
        "stateCode": "NL",
        "stateName": "Nagaland",
        "districtName": "Niuland",
        "region": "northeast",
        "slug": "niuland",
        "tagline": "Emerging district of the Sumi",
        "searchKeywords": [
            "niuland",
            "sumi"
        ]
    },
    {
        "_id": "NL-NOK-01",
        "stateCode": "NL",
        "stateName": "Nagaland",
        "districtName": "Noklak",
        "region": "northeast",
        "slug": "noklak",
        "tagline": "Easternmost frontier of Nagaland",
        "searchKeywords": [
            "noklak",
            "khiamniungan"
        ]
    },
    {
        "_id": "NL-PER-01",
        "stateCode": "NL",
        "stateName": "Nagaland",
        "districtName": "Peren",
        "region": "northeast",
        "slug": "peren",
        "tagline": "Land of the Zeliang tribe",
        "searchKeywords": [
            "peren",
            "zeliang",
            "intangki"
        ]
    },
    {
        "_id": "NL-PHE-01",
        "stateCode": "NL",
        "stateName": "Nagaland",
        "districtName": "Phek",
        "region": "northeast",
        "slug": "phek",
        "tagline": "Hills of the Chakhesang",
        "searchKeywords": [
            "phek",
            "chakhesang",
            "pfutsero"
        ]
    },
    {
        "_id": "NL-SHA-01",
        "stateCode": "NL",
        "stateName": "Nagaland",
        "districtName": "Shamator",
        "region": "northeast",
        "slug": "shamator",
        "tagline": "Remote heights of the east",
        "searchKeywords": [
            "shamator",
            "yimchunger"
        ]
    },
    {
        "_id": "NL-TSE-01",
        "stateCode": "NL",
        "stateName": "Nagaland",
        "districtName": "Tseminyü",
        "region": "northeast",
        "slug": "tseminyu",
        "tagline": "Heartland of Rengma traditions",
        "searchKeywords": [
            "tseminyu",
            "rengma"
        ]
    },
    {
        "_id": "NL-TUE-01",
        "stateCode": "NL",
        "stateName": "Nagaland",
        "districtName": "Tuensang",
        "region": "northeast",
        "slug": "tuensang",
        "tagline": "Multi-tribe administrative hub",
        "searchKeywords": [
            "tuensang",
            "chang",
            "sangtam"
        ]
    },
    {
        "_id": "NL-WOK-01",
        "stateCode": "NL",
        "stateName": "Nagaland",
        "districtName": "Wokha",
        "region": "northeast",
        "slug": "wokha",
        "tagline": "Land of the Lotha people",
        "searchKeywords": [
            "wokha",
            "lotha",
            "doyang river"
        ]
    },
    {
        "_id": "NL-ZUN-01",
        "stateCode": "NL",
        "stateName": "Nagaland",
        "districtName": "Zunheboto",
        "region": "northeast",
        "slug": "zunheboto",
        "tagline": "Cultural heart of the Sumi",
        "searchKeywords": [
            "zunheboto",
            "sumi"
        ]
    },
    {
        "_id": "SK-GAN-01",
        "stateCode": "SK",
        "stateName": "Sikkim",
        "districtName": "Gangtok",
        "region": "northeast",
        "slug": "gangtok",
        "tagline": "Capital of the mountain kingdom",
        "searchKeywords": [
            "gangtok",
            "east sikkim",
            "rumtek",
            "enchey"
        ]
    },
    {
        "_id": "SK-GYA-01",
        "stateCode": "SK",
        "stateName": "Sikkim",
        "districtName": "Gyalshing",
        "region": "northeast",
        "slug": "gyalshing",
        "tagline": "Monastery land of the west",
        "searchKeywords": [
            "gyalshing",
            "west sikkim",
            "pelling",
            "pemayangtse"
        ]
    },
    {
        "_id": "SK-MAN-01",
        "stateCode": "SK",
        "stateName": "Sikkim",
        "districtName": "Mangan",
        "region": "northeast",
        "slug": "mangan",
        "tagline": "Gateway to the sacred peaks",
        "searchKeywords": [
            "mangan",
            "north sikkim",
            "gurudongmar",
            "yumthang"
        ]
    },
    {
        "_id": "SK-NAM-01",
        "stateCode": "SK",
        "stateName": "Sikkim",
        "districtName": "Namchi",
        "region": "northeast",
        "slug": "namchi",
        "tagline": "Land of religious harmony",
        "searchKeywords": [
            "namchi",
            "south sikkim",
            "char dham",
            "buddha park"
        ]
    },
    {
        "_id": "SK-PAK-01",
        "stateCode": "SK",
        "stateName": "Sikkim",
        "districtName": "Pakyong",
        "region": "northeast",
        "slug": "pakyong",
        "tagline": "Where the airport welcomes visitors",
        "searchKeywords": [
            "pakyong",
            "zuluk",
            "airport"
        ]
    },
    {
        "_id": "SK-SOR-01",
        "stateCode": "SK",
        "stateName": "Sikkim",
        "districtName": "Soreng",
        "region": "northeast",
        "slug": "soreng",
        "tagline": "Quiet valleys of the west",
        "searchKeywords": [
            "soreng",
            "west sikkim"
        ]
    },
    {
        "_id": "TR-DHL-01",
        "stateCode": "TR",
        "stateName": "Tripura",
        "districtName": "Dhalai",
        "region": "northeast",
        "slug": "dhalai",
        "tagline": "Tribal heartland of eastern Tripura",
        "searchKeywords": [
            "dhalai",
            "ambassa",
            "reang"
        ]
    },
    {
        "_id": "TR-GOM-01",
        "stateCode": "TR",
        "stateName": "Tripura",
        "districtName": "Gomati",
        "region": "northeast",
        "slug": "gomati",
        "tagline": "Named after the sacred river",
        "searchKeywords": [
            "gomati",
            "udaipur",
            "tripura sundari"
        ]
    },
    {
        "_id": "TR-KHO-01",
        "stateCode": "TR",
        "stateName": "Tripura",
        "districtName": "Khowai",
        "region": "northeast",
        "slug": "khowai",
        "tagline": "River valley district",
        "searchKeywords": [
            "khowai"
        ]
    },
    {
        "_id": "TR-NOR-01",
        "stateCode": "TR",
        "stateName": "Tripura",
        "districtName": "North Tripura",
        "region": "northeast",
        "slug": "north_tripura",
        "tagline": "Northern reaches of the kingdom",
        "searchKeywords": [
            "north tripura",
            "dharmanagar",
            "unakoti"
        ]
    },
    {
        "_id": "TR-SIP-01",
        "stateCode": "TR",
        "stateName": "Tripura",
        "districtName": "Sipahijala",
        "region": "northeast",
        "slug": "sipahijala",
        "tagline": "Where wildlife meets the plains",
        "searchKeywords": [
            "sipahijala",
            "sepahijala",
            "wildlife sanctuary"
        ]
    },
    {
        "_id": "TR-SOU-01",
        "stateCode": "TR",
        "stateName": "Tripura",
        "districtName": "South Tripura",
        "region": "northeast",
        "slug": "south_tripura",
        "tagline": "Southern borderland district",
        "searchKeywords": [
            "south tripura",
            "sabroom",
            "belonia"
        ]
    },
    {
        "_id": "TR-UNA-01",
        "stateCode": "TR",
        "stateName": "Tripura",
        "districtName": "Unakoti",
        "region": "northeast",
        "slug": "unakoti",
        "tagline": "Land of one less than a crore",
        "searchKeywords": [
            "unakoti",
            "rock carvings",
            "kailashahar"
        ]
    },
    {
        "_id": "TR-WES-01",
        "stateCode": "TR",
        "stateName": "Tripura",
        "districtName": "West Tripura",
        "region": "northeast",
        "slug": "west_tripura",
        "tagline": "Where the capital greets the nation",
        "searchKeywords": [
            "west tripura",
            "agartala",
            "ujjayanta"
        ]
    }
]